Galina Beahan,1976-01-14,(+57) 320-432-05-09,76093 Oren Street,371449635398431,charissa@nitzsche.ca
Theressa Wolff,1952-06-05,(+57) 320-432-05-09,830 Renato Isle,371449635398431,elayne@rice.ca
Shera Hilpert,1947-09-30,(+57) 320-432-05-09,5563 Price Avenue,371449635398431,mario@krajcik.biz
Ed Pollich,2016-11-24,(+57) 320-432-05-09,57992 Rohan Terrace,371449635398431,emiko@koch.com
Mona O'Hara,1996-12-21,(+57) 320-432-05-09,695 D'Amore Fords,371449635398431,luisa@barrows.com
Jenee Lowe,1962-11-25,(+57) 320-432-05-09,07789 Kris Loop,371449635398431,eileen_spencer@hartmann.name
Dung Heaney,2004-07-16,(+57) 320-432-05-09,8083 Braun Lakes,371449635398431,henry.kub@hammesgleichner.biz
Nicol Sawayn,1990-11-18,(+57) 320-432-05-09,297 Antonetta Forge,371449635398431,ileana@ortizskiles.co.uk
Marissa Schmitt,1987-11-20,(+57) 320-432-05-09,212 Cherlyn Trace,371449635398431,dann.cronin@weimann.name
Louie Marquardt,1953-01-29,(+57) 320-432-05-09,97822 Silvia Forges,371449635398431,nan@willmsgoyette.biz
